seqname,tax_id
A00004439,f__Methylococcaceae
A00002753n0,g__Haemophilus
A00002753n1,g__Haemophilus
A00001409,f__Ruminococcaceae
A00002751,g__Streptomyces
A00002756,g__Parvimonas
A00002757,g__Enterococcus
A00002755,f__Enterobacteriaceae
A00004431,g__Neisseria
A00001402,g__Erwinia
A00001401,g__Enterococcus
A00001400,g__Enterococcus
A00001406,g__Allobaculum
A00001157,g__Erwinia
A00004436,f__Rhodobacteraceae
A00000930,g__Dickeya
A00000931,g__Dyadobacter
A00000932,g__Edwardsiella
A00000933,g__Eggerthella
A00001087,g__Lactobacillus
A00001085,g__Helicobacter
A00001084,f__Halobacteriaceae
A00001083,g__Geobacillus
A00001082,g__Archaeoglobus
A00004430,c__Deltaproteobacteria
A00002626,g__Streptomyces
A00002624,g__Ruminococcus
A00002997,f__Rhodobacteraceae
A00002990,g__Lewinella
A00002758,f__Planococcaceae
A00002992,o__Rhodospirillales
A00002576,f__Moraxellaceae
A00003570,g__Flavonifractor
A00002574,g__Deinococcus
A00004432,g__Vibrio
A00002572,g__Lactobacillus
A00002573,g__Buchnera
A00002578,g__Allobaculum
A00002579,o__Desulfovibrionales
A00004437,g__Actinobacillus
A00001716,g__Bacteroides
A00001715,f__[Chthoniobacteraceae]
A00001714,g__Bacteroides
A00001713,g__Borrelia
A00001711,o__Gemmatales
A00003978,g__Dorea
A00003975,p__Thermodesulfobacteria
A00003971,g__Bacillus
A00002526,o__Rhizobiales
A00002196,g__Azospirillum
A00002190,g__Spirosoma
A00002193,g__Saccharibacillus
A00002199,g__Mycobacterium
A00003715,f__Cytophagaceae
A00003714,g__Mycobacterium
A00003717,g__Turicibacter
A00003711,g__Desulfosporosinus
A00003712,g__Candidatus_Pelagibacter
A00002373,g__Eubacterium
A00003484,g__Bradyrhizobium
A00002178,g__Enterococcus
A00002179,g__Saprospira
A00003481,g__Amycolatopsis
A00003482,f__Planococcaceae
A00002173,g__Hafnia
A00002171,g__Olivibacter
A00002176,g__Streptomyces
A00002175,g__Oxalobacter
A00003373,g__Photobacterium
A00003372,g__Nitrobacter
A00003803,g__Dasania
A00003802,f__[Halobacillaceae]
A00003377,f__Bacillaceae
A00001022,g__Methanothermobacter
A00003375,f__[Acetivibrionaceae]
A00003806n0,g__Thermotoga
A00003806n1,g__Thermotoga
A00002280,g__Idiomarina
A00002282,g__Streptococcus
A00003378,g__Desulfobacca
A00002286,g__Anaerophaga
A00003629,g__Methylophaga
A00003159,g__Janthinobacterium
A00003158,g__[Erysipelatoeubacterium]
A00003621,g__Streptomyces
A00003152,g__Paraprevotella
A00003151,g__Citromicrobium
A00003150,g__Anaerophaga
A00003157,g__Myroides
A00003627,f__Ectothiorhodospiraceae
A00003626,f__Pseudonocardiaceae
A00003399,g__Marinobacter
A00003392,g__Ruminococcus
A00003395,p__Synergistetes
A00004378n0,g__Anaerococcus
A00004378n1,g__Anaerococcus
A00003025,g__Azospirillum
A00003024,g__Hippea
A00003022,g__Fervidobacterium
A00002998,g__Thermotoga
A00004332,f__Coriobacteriaceae
A00000619,f__Thermotogaceae
A00000618,f__Cenarchaeaceae
A00000614,g__Lactobacillus
A00000617,g__Neisseria
A00000610,g__Dinoroseobacter
A00000613,c__Chloroflexi
A00000612,g__Gluconacetobacter
A00004331,f__Phyllobacteriaceae
A00004440,g__Ureaplasma
A00002991,g__Citrobacter
A00004443,f__Ruminococcaceae
A00004019,g__Actinomyces
A00003571,g__Desulfotomaculum
A00004018,g__Burkholderia
A00003573,p__Synergistetes
A00000053,g__Carboxydothermus
A00000052,o__Chlamydiales
A00000723,g__Leptospira
A00000725,f__Methylacidiphilaceae
A00000056,g__Chlamydia
A00000055,g__Chlamydia
A00000054,g__Caulobacter
A00000729,o__Natranaerobiales
A00000728,g__Mycoplasma
A00000059,g__Chlamydophila
A00000058,g__Chlamydophila
A00004285,f__Cytophagaceae
A00004281,f__Moraxellaceae
A00004114,g__Corynebacterium
A00004115,g__Saccharomonospora
A00000435,g__Shewanella
A00000434,g__Roseobacter
A00000436,g__Shewanella
A00000431,g__Psychromonas
A00000430,g__Polaromonas
A00000432,g__Pyrobaculum
A00000438,o__Solibacterales
A00000129,g__Lactobacillus
A00001362,f__Peptococcaceae
A00003745,g__Providencia
A00001234,g__Paenibacillus
A00000548,g__Clostridium
A00001892n0,g__Capnocytophaga
A00001892n1,g__Capnocytophaga
A00001237,g__Prevotella
A00001230,g__Mycoplasma
A00001895,g__Dysgonomonas
A00001232,g__Nitrosococcus
A00001897,s__nucleatum
A00000541,g__Campylobacter
A00001899,f__Haloplasmataceae
A00000543,g__Campylobacter
A00000542,g__Campylobacter
A00001238,g__Spirochaeta
A00001239,g__Spirochaeta
A00000547,g__Citrobacter
A00000546,f__Methanomicrobiaceae
A00002766,g__Streptococcus
A00002765,f__Bifidobacteriaceae
A00001369,g__Variovorax
A00001418,g__Haemophilus
A00001419,g__Halanaerobium
A00002761,f__Rhodospirillales
A00001414,f__Coriobacteriaceae
A00001415,g__Haemophilus
A00004420,c__Actinobacteria
A00004421,f__Synechococcaceae
A00001412,g__Faecalibacterium
A00001413,g__Fibrobacter
A00000947,f__Halobacteriaceae
A00000946,f__Halobacteriaceae
A00000941,g__Eubacterium
A00000940,g__Eubacterium
A00000943,g__Flavobacterium
A00000949,g__Hirschia
A00001098,g__Methylotenera
A00001099,g__Moraxella
A00001090,g__Leuconostoc
A00001091,g__Listeria
A00001092,g__Meiothermus
A00001093,g__Meiothermus
A00001094,g__Methanocaldococcus
A00001095,g__Methanocaldococcus
A00001096,g__Methanococcus
A00001097,f__Methanosarcinaceae
A00002613,g__Ectothiorhodospira
A00001529,g__Novosphingobium
A00002610,g__Agrobacterium
A00002616,g__Sulfobacillus
A00002967,g__Vibrio
A00001521,g__Mycobacterium
A00002619,g__Hymenobacter
A00001525,g__Ureaplasma
A00001526,g__Myxococcus
A00001527,g__Nitrosomonas
A00003569,g__Mesorhizobium
A00001701,f__Verrucomicrobiaceae
A00001702,g__Borrelia
A00001704,g__Bacteroides
A00001706,g__Alistipes
A00001708,g__Borrelia
A00003968,f__Dermacoccaceae
A00003969,g__Methylobacterium
A00003966,g__Vibrio
A00003964,g__Methylocystis
A00003962,g__Lactobacillus
A00003623,g__Frankia
A00003706,g__Pseudomonas
A00002380,f__Neisseriaceae
A00002383,g__Wolbachia
A00002384,g__Agrobacterium
A00002387,g__Congregibacter
A00003701,g__Congregibacter
A00002389,f__Enterobacteriaceae
A00002388,g__Sphingobium
A00003497,f__Flammeovirgaceae
A00002149,f__Flavobacteriaceae
A00002146,g__Lactobacillus
A00002145,g__Ectothiorhodospira
A00002144,f__Rhodobacteraceae
A00002143,f__Erysipelotrichaceae
A00002142,o__Catenulisporales
A00003498,g__Prevotella
A00003499,g__Streptomyces
A00002819,g__Ruminococcus
A00003366,g__Dasania
A00002548,g__Pediococcus
A00003361,g__Sulfurospirillum
A00003814,o__Burkholderiales
A00003363,g__Anaerostipes
A00002543,g__Eubacterium
A00003819,g__Echinicola
A00002815,f__Rhizobiaceae
A00002546,o__Chloroflexales
A00002544,g__Corynebacterium
A00003148,g__Collinsella
A00003633,g__Polaribacter
A00003630,g__Streptomyces
A00003631,g__Lactobacillus
A00003636,g__Megasphaera
A00003637,c__Gammaproteobacteria
A00003142,g__Gluconacetobacter
A00003388,g__Micromonospora
A00003389,g__Neisseria
A00003382,g__Myroides
A00003383,g__Streptococcus
A00003387,g__Xanthomonas
A00003384,g__Thermocrispum
A00000469,g__Pyrobaculum
A00004088,f__Oceanospirillaceae
A00004089,g__Streptococcus
A00004160,g__Bradyrhizobium
A00003897,g__Yersinia
A00003030,g__Capnocytophaga
A00003032,f__Halobacteroidaceae
A00003033,f__Lachnospiraceae
A00003039,g__Streptococcus
A00003487,g__Actinomyces
A00000467,f__Synechococcaceae
A00003486,g__Yersinia
A00001233,g__Atopobium
A00000983,g__Teredinibacter
A00000608,g__Delftia
A00000609,g__Desulfococcus
A00000985,f__Thermococcaceae
A00000604,g__Chloroflexus
A00000605,g__Abiotrophia
A00000602,g__Vulcanisaeta
A00000600,g__Brucella
A00000984,g__Thermococcus
A00003489,c__Alphaproteobacteria
A00004136,g__Actinoplanes
A00004469,f__Aurantimonadaceae
A00000044,g__Burkholderia
A00000045,g__Burkholderia
A00000046,g__Burkholderia
A00000047,g__Campylobacter
A00000040,g__Burkholderia
A00000041,g__Burkholderia
A00000734,f__Caulobacteraceae
A00000735,g__Porphyromonas
A00000049,g__Candidatus_Blochmannia
A00004131,f__Francisellaceae
A00001951,f__Halobacteriaceae
A00000139,g__Listeria
A00001953,g__Pyrobaculum
A00001952,f__Thermoproteaceae
A00001955,f__Methanococcaceae
A00001954,g__Desulfurococcus
A00001957,f__Halobacteriaceae
A00001956,f__Halobacteriaceae
A00001959,f__Methanosarcinaceae
A00001958,f__Cenarchaeaceae
A00000132,g__Lawsonia
A00004128n0,g__Lachnoclostridium
A00004128n1,g__Lachnoclostridium
A00000136,g__Leifsonia
A00000137,g__Leptospira
A00000426,g__Oenococcus
A00000427,g__Paracoccus
A00000425,g__Nocardioides
A00000423,g__Mycobacterium
A00000421,g__Mycobacterium
A00003805,f__Rhodobacteraceae
A00000428,g__Pediococcus
A00000429,g__Geobacter
A00003754,g__Actinopolyspora
A00001390,f__Lachnospiraceae
A00001397,g__Coprococcus
A00001396,f__Lachnospiraceae
A00001394,g__Lachnoclostridium
A00003471,g__Alcanivorax
A00003379,g__Vibrio
A00004386,f__Rhodospirillales
A00004384,o__Pirellulales
A00004383,f__Rhodobacteraceae
A00004381,g__Bradyrhizobium
A00004311n0,f__Entomoplasmataceae
A00004311n1,f__Entomoplasmataceae
A00000443,f__Comamonadaceae
A00000558,g__Fervidobacterium
A00000559,g__Flavobacterium
A00000552,g__Clostridium
A00000554,g__Cronobacter
A00004419,g__Labrenzia
A00001178,g__Staphylococcus
A00001177,g__Escherichia
A00004416,f__Cytophagaceae
A00001172n0,f__Entomoplasmataceae
A00001172n1,f__Entomoplasmataceae
A00004346,f__Flavobacteriaceae
A00000957,g__Leptotrichia
A00000954,g__Lactobacillus
A00000955,g__Lactobacillus
A00000952,f__Thermotogaceae
A00000953,f__Dermacoccaceae
A00000950,o__[Cellulomonadales]
A00000951,g__Kangiella
A00000958,g__Methanocaldococcus
A00000959,g__Methylobacterium
A00000219,o__Pirellulales
A00000218,f__Comamonadaceae
A00004262,g__Alcaligenes_Achromobacter
A00002605,f__Rhodospirillales
A00002606,g__Mycoplasma
A00001559,f__Thermoproteaceae
A00001558,g__Thermococcus
A00002602,g__Marinobacter
A00002975,g__Lactobacillus
A00001555,f__[Thermovenabulaceae]
A00004250,f__Thermoanaerobacteraceae
A00001557,f__Thermococcaceae
A00002979,f__Xanthomonadaceae
A00001551,g__Streptococcus
A00001550,g__Streptococcus
A00004257,g__Allobaculum
A00001552,g__Streptococcus
A00003556,g__Corynebacterium
A00003099,g__Gardnerella
A00003553,f__Sphingobacteriaceae
A00003625,g__Prevotella
A00003558,o__Entomoplasmatales
A00001775,p__Synergistetes
A00001776,g__Campylobacter
A00001771,g__Prevotella
A00001770,g__Prevotella
A00001773,s__periodonticum
A00001772,g__Prevotella
A00001779,g__Leptotrichia
A00001778,g__Fusobacterium
A00003952,f__Comamonadaceae
A00003951,g__Ruminococcus
A00003950,g__Photobacterium
A00003957,g__Alcaligenes_Achromobacter
A00003251,g__Alteromonas
A00002778,f__Methylococcaceae
A00002772,f__Rhodobacteraceae
A00002776,g__Serratia
A00002777,f__Methylococcaceae
A00002393,f__[Weeksellaceae]
A00002391,o__Oceanospirillales
A00002397,g__Mycobacterium
A00002394,g__Congregibacter
A00002399,c__Planctomycetia
A00002151,g__Listeria
A00002153,g__Taylorella
A00002154,g__Selenomonas
A00002155,g__Enterococcus
A00002157,g__Corynebacterium
A00002033,g__Corynebacterium
A00001032,o__Sphaerobacterales
A00002808,g__Oscillibacter
A00002809,f__Rhodobacteraceae
A00003823,f__[Weeksellaceae]
A00002559,g__Mycobacterium
A00003821,g__Odoribacter
A00001033,g__Spirosoma
A00002800,g__Lactobacillus
A00002801,g__Prevotella
A00002550,g__Asticcacaulis
A00001030,g__Rothia
A00002552,g__Thiomicrospira
A00002553,f__Saprospiraceae
A00001747,g__Porphyromonas
A00003609,g__Campylobacter
A00003608,g__Streptomyces
A00003607,g__Streptomyces
A00001740,g__Chryseobacterium
A00003602,g__Streptomyces
A00003601,g__Peptoclostridium
A00001037,f__Streptosporangiaceae
A00001743,f__Flavobacteriaceae
A00003738,g__Leuconostoc
A00003733,p__Synergistetes
A00003732,f__Flammeovirgaceae
A00003731,g__Cycloclasticus
A00003737,f__Coxiellaceae
A00003736,g__Thermus
A00003734,g__Lachnoclostridium
A00003045,f__Bradyrhizobiaceae
A00003041,f__Rhodobacteraceae
A00003040,g__Selenomonas
A00003042,f__[Acetivibrionaceae]
A00003049,f__Nocardiopsaceae
A00000631,f__Acholeplasmataceae
A00000630,g__Yersinia
A00000637,f__Alcaligenaceae
A00000636,f__Beijerinckiaceae
A00000635,g__Aeromonas
A00000638,g__Burkholderia
A00004122,g__Escherichia
A00000707,g__Chlorobaculum
A00000706,f__Alteromonadaceae
A00000703,g__Candidatus_Kuenenia
A00000702,g__Candidatus_Cloacimonas
A00000701,o__Cytophagales
A00000700,g__Burkholderia
A00000709,g__Prosthecochloris
A00000708,g__Chlorobium
A00004135,g__Acinetobacter
A00000419,g__Mycobacterium
A00000091,f__Sphingomonadaceae
A00000090,g__Pectobacterium
A00000418,g__Methanosaeta
A00000149,g__Methanosarcina
A00000148,f__Methanosarcinaceae
A00001942,g__Methanocella
A00001943,f__Methanomicrobiaceae
A00001940,f__Methanosarcinaceae
A00001941,f__Halobacteriaceae
A00001946,c__Crenarchaeota
A00001947,g__Methanocaldococcus
A00001944,f__Thermococcaceae
A00001945,f__Thermoplasmataceae
A00000145n0,f__Entomoplasmataceae
A00000145n1,f__Entomoplasmataceae
A00000144,f__Hyphomonadaceae
A00001948,o__Thermoplasmatales
A00001949,f__Halobacteriaceae
A00000417,g__Marinobacter
A00000416,c__Alphaproteobacteria
A00000143,f__Pasteurellaceae
A00000142,g__Magnetospirillum
A00000389,g__Arthrobacter
A00000388,g__Arthrobacter
A00000412,g__Leptospira
A00000387,g__Aeromonas
A00000147,f__Phyllobacteriaceae
A00000385,f__Comamonadaceae
A00000384,c__Actinobacteria
A00000897,f__Acidimicrobiaceae
A00000896,g__Acetobacter
A00000895,g__Wolbachia
A00000146,g__Mesorhizobium
A00000892,f__Aeromonadaceae
A00000891,f__Rhodocyclaceae
A00000890,g__Sulfurihydrogenibium
A00004138,g__Serratia
A00001368,g__Thermus
A00001380,f__Bacteriovoracaceae
A00003450,g__Methylosinus
A00000899,g__Aggregatibacter
A00000898,f__Pseudonocardiaceae
A00003598,g__Bacillus
A00000415,g__Listeria
A00004390,g__Ruminococcuse1
A00004391,g__Lactobacillus
A00004392,g__Flavobacterium
A00000414,g__Leuconostoc
A00004395,f__Pseudomonadaceae
A00004396,g__Atopobium
A00004397,g__Streptococcus
A00000790,g__Coxiella
A00003987,g__Corynebacterium
A00003593,g__Actinomyces
A00000569,o__[Nitratiruptorales]
A00000568,g__Methanococcus
A00000566,g__Methanococcus
A00000565,g__Marinomonas
A00000563,c__Actinobacteria
A00000562,g__Herminiimonas
A00000561,f__Desulfurococcaceae
A00000560,g__Francisella
A00004400,f__[Barnesiellaceae]
A00000969,g__Paenibacillus
A00000968,g__Neorickettsia
A00000796,g__Desulfitobacterium
A00004407n0,g__Paenibacillus
A00004407n1,g__Paenibacillus
A00000963,g__Micrococcus
A00000962,g__Methylovorus
A00000961,g__Methylotenera
A00000966,c__Actinobacteria
A00000965n0,g__Mycoplasma
A00000965n1,g__Mycoplasma
A00002947,f__Rhodobacteraceae
A00002945,g__Pseudomonas
A00002943,g__Thermocrinis
A00001549,g__Streptococcus
A00001546,o__Chlamydiales
A00001547,g__Sinorhizobium_Ensifer
A00001544,g__Roseobacter
A00001545,g__Salmonella
A00001542,g__Ramlibacter
A00001543,g__Rickettsia
A00001540,g__Pyrococcus
A00001541,g__Pyrococcus
A00002013,g__Saprospira
A00002015,g__Peptostreptococcus
A00002014,f__Chromatiaceae
A00002018,f__Bacillaceae
A00001765,g__Fusobacterium
A00003946,f__Eubacteriaceae
A00002499,f__Paenibacillaceae
A00003943,f__Erysipelotrichaceae
A00002497,g__Thioalkalimicrobium
A00003948,g__Lachnoclostridium
A00003949,g__Labrenzia
A00002493,f__Rhodobacteraceae
A00002492,g__Congregibacter
A00002709,f__Thermoactinomycetaceae
A00002708,p__Synergistetes
A00002704,g__Peptoniphilus
A00002701,g__Yersinia
A00002703,g__Actinomyces_1
A00002702,g__Rothia
A00002750,f__Neisseriaceae
A00002125,g__Brucella
A00002126,g__Mobiluncus
A00002121,g__Congregibacter
A00002122,g__Octadecabacter
A00002128,o__Clostridiales
A00001614n0,f__Entomoplasmataceae
A00001614n1,f__Entomoplasmataceae
A00003831,g__Xanthomonas
A00003836,g__Aeromonas
A00003540,g__Parascardovia
A00002836,g__Neisseria
A00003542,o__Rhizobiales
A00003610,g__Erysipelothrix
A00003612,g__Anaerostipes
A00003616,g__Desulfovibrio
A00003617,g__Candidatus_Pelagibacter
A00003619,g__Desulfitobacterium
A00002239,g__Lactobacillus
A00002231,f__Methylophilaceae
A00002233,g__Selenomonas
A00002235,g__Deinococcus
A00002236,f__Chromatiaceae
A00004393,g__Thiothrix
A00003728,g__Porphyromonas
A00003729,g__Burkholderia
A00003727,g__Prevotella
A00003912,g__Streptococcus
A00003056,g__Dialister
A00003052,f__Synechococcaceae
A00003053,g__Brucella
A00003050,g__Xanthomonas
A00003051,g__Bryantella
A00003058,f__Pseudonocardiaceae
A00001981,f__Methanosaetaceae
A00003919,g__Methyloversatilis
A00002079,g__Paenibacillus
A00000627,g__Shewanella
A00000620,f__Synechococcaceae
A00000621,f__Micrococcaceae
A00000622,g__Rickettsia
A00000623,g__Salinispora
A00000628,o__Myxococcales
A00000629,g__Thermotoga
A00002722,g__Streptococcus
A00004140,g__Saccharomonospora
A00000231,f__Alteromonadaceae
A00000794,g__Crocosphaera
A00000710,f__Chlorobiaceae
A00000714,p__Elusimicrobia
A00000715,g__Erwinia
A00000716,g__Geobacter
A00000717,g__Geobacter
A00000081,g__Deinococcus
A00000083,g__Desulotalea
A00000084,g__Desulfovibrio
A00000086,g__Ehrlichia
A00000087,g__Ehrlichia
A00000088,g__Ehrlichia
A00000150,g__Methanothermobacter
A00001977,f__Halobacteriaceae
A00001976,f__Halobacteriaceae
A00000408,g__Lactobacillus
A00001972,f__Sulfolobaceae
A00001971,f__Halobacteriaceae
A00001970,f__Sulfolobaceae
A00000156,g__Mycobacterium
A00000405,f__Flavobacteriaceae
A00000154,f__Thermoanaerobacteraceae
A00000407,g__Lactobacillus
A00000152,f__Methylophilaceae
A00000153,f__Methylococcaceae
A00000402,g__Clostridium
A00000151,f__Methanomicrobiaceae
A00001169,g__Ureaplasma
A00000397,g__Campylobacter
A00000390,f__Rhodocyclaceae
A00000391,g__Bacillus
A00000392,g__Bartonella
A00000393,g__Bifidobacterium
A00001371,g__Xenorhabdus
A00001372,g__Acinetobacter
A00001375,g__Alistipes
A00001374,g__Acinetobacter
A00001377,g__Arthrospira
A00001376,g__Arthrobacter
A00000570,g__Brucella
A00000571,g__Parabacteroides
A00000572,c__Alphaproteobacteria
A00000575,g__Rickettsia
A00000576,g__Rickettsia
A00000577,g__Rickettsia
A00000579,g__Roseiflexus
A00004091,o__Bacillales
A00004090,f__Lachnospiraceae
A00004095,g__Glaciecola
A00001115,g__Sphingobium
A00001114,f__Gallionellaceae
A00001117,g__Staphylococcus
A00001116,f__Glycomycetaceae
A00000978,g__Slackia
A00001113,g__Shewanella
A00001112,g__Segniliparus
A00000974,g__Rhizobium
A00000977,g__Saccharomonospora
A00000970,g__Pectobacterium
A00000971,f__Sphingobacteriaceae
A00000972,g__Photorhabdus
A00000973,g__Ralstonia
A00001281,g__Bifidobacterium
A00001280,g__Bartonella
A00002958,g__Pasteurella
A00002950,g__Pediococcus
A00002952,g__Paenibacillus
A00001573,g__Bifidobacterium
A00001577,f__Alcaligenaceae
A00004276,g__Saccharomonospora
A00004273,g__Desulfobacter
A00004271,g__Streptomyces
A00001029,f__Flavobacteriaceae
A00001028,g__Rhodothermus
A00002000,g__Pontibacter
A00001758,g__Bacteroides
A00002006,f__Hyphomonadaceae
A00002004n0,g__Corynebacterium
A00002004n1,g__Corynebacterium
A00001753,g__Porphyromonas
A00001752,f__Helicobacteraceae
A00001023,g__Methanocaldococcus
A00002009,g__Rhodococcus
A00001025,g__Mycoplasma
A00001024,g__Methanocella
A00001755,g__Campylobacter
A00001754,g__Sulfurihydrogenibium
A00001593,g__Francisella
A00001597,g__Helicobacter
A00001596,f__Halobacteriaceae
A00002488,f__Thermaceae
A00002486,f__Chromatiaceae
A00002487,g__Vibrio
A00002484,g__Treponema
A00002482,f__Rhodobacteraceae
A00002483,g__Sulfitobacter
A00002719,g__Streptococcus
A00002717,g__Streptococcus
A00002714,g__Vibrio
A00003352,g__Idiomarina
A00002713,g__Peptoclostridium
A00002710,g__Selenomonas
A00002711,f__Carnobacteriaceae
A00003441,g__Acetobacter
A00003440,g__Bradyrhizobium
A00003998,g__Halomonas
A00003995,g__Klebsiella
A00003992,g__Bifidobacterium
A00003991,g__Anaerophaga
A00003990,f__Opitutaceae
A00002136,g__Actinoplanes
A00002134,g__Sediminibacterium
A00002135,g__Serratia
A00002133,g__Ruminococcuse1
A00001626,g__Propionibacterium
A00001624,g__Pantoea
A00001623,g__Oligotropha
A00002139,g__Ochrobactrum
A00004497,f__Spirolinaceae
A00003849,f__Cyclobacteriaceae
A00003847,f__Synechococcaceae
A00003846,g__Desulfovibrio
A00002821,g__Pseudoalteromonas
A00002822,o__Natranaerobiales
A00004494,g__Pseudanabaena
A00002825,g__Brevibacterium
A00002827,f__Erysipelotrichaceae
A00003531,g__Rhizobium
A00003530,o__Rhizobiales
A00003532,g__Clostridium
A00003196,g__Methyloversatilis
A00003195,g__Vibrio
A00003194,g__Mycobacterium
A00003663,g__Selenomonas
A00000720,g__Kocuria
A00004490,g__Anabaena_Nostoc
A00003668,g__Marinobacter
A00003199,g__Faecalibacterium
A00004242,g__Actinobacillus
A00002228,g__Prevotella
A00002229,g__Staphylococcus
A00002222,g__Atopobium
A00002227,g__Acetobacterium
A00004200,g__Roseomonas
A00004241,g__Prevotella
A00000727,g__Mycobacterium
A00004246,g__Yersinia
A00000726,g__Methylobacterium
A00003280,g__Lactobacillus
A00003287,g__Oribacterium
A00003286,g__Flavobacterium
A00003285,g__Microvirga
A00003284,g__Kangiella
A00003289,g__Candidatus_Pelagibacter
A00003288,f__Flavobacteriaceae
A00001681,f__Opitutaceae
A00003069,g__Lactobacillus
A00003062,f__Flavobacteriaceae
A00003060,g__Desulfobacter
A00003067,g__Photobacterium
A00003064,s__goodfellowii
A00003269,g__Paracoccus
A00003268,g__Bradyrhizobium
A00001682,g__Parabacteroides
A00003262,g__Streptomyces
A00003266,g__Roseomonas
A00004478,g__Sinorhizobium_Ensifer
A00004330,f__Leptospiraceae
A00000768,g__Arthrobacter
A00000765,g__Aliivibrio
A00000764n0,g__Agrobacterium
A00000764n1,g__Agrobacterium
A00000767,f__Bacillaceae
A00000766,g__Anaeromyxobacter
A00000760,g__Acidithiobacillus
A00000763,g__Rhizobium
A00002799,f__Halothiobacillaceae
A00001968,f__Methanomicrobiaceae
A00001969,g__Methanococcus
A00001962,f__Halobacteriaceae
A00001963,f__Halobacteriaceae
A00001964,f__Halobacteriaceae
A00001965,g__Desulfurococcus
A00001966,g__Archaeoglobus
A00000163,g__Ureaplasma
A00000161n0,f__Entomoplasmataceae
A00000161n1,f__Entomoplasmataceae
A00000167n0,g__Mycoplasma
A00000167n1,g__Mycoplasma
A00000169,g__Ureaplasma
A00000189,g__Pasteurella
A00001363,g__Taylorella
A00001361,f__Helicobacteraceae
A00001367,f__Desulfurobacteriaceae
A00001364,g__Terriglobus
A00000181,g__Nitrosococcus
A00000180,g__Nitrobacter
A00000183,g__Nitrosomonas
A00000182,g__Nitrosomonas
A00000185,g__Nocardia
A00000184,f__Nitrosomonadaceae
A00000187,f__[Halobacillaceae]
A00000186,g__Anabaena_Nostoc
A00003458,f__Acetobacteraceae
A00001049,g__Crocosphaera
A00000505,g__Novosphingobium
A00000504,g__Mycoplasma
A00000507,g__Desulfotomaculum
A00000506,g__Orientia
A00000501,g__Mycobacterium
A00000500,g__Methanothermobacter
A00004084,f__Rhodobacteraceae
A00004086,g__Candidatus_Pelagibacter
A00004087,c__Gammaproteobacteria
A00000509,g__Chlorobium
A00000508,g__Polynucleobacter
A00001106,g__Planctomyces
A00001107,g__Prevotella
A00001104,g__Nocardiopsis
A00001102,f__Halobacteriaceae
A00001103,g__Nitrosococcus
A00000987,g__Acidaminococcus
A00001101n0,g__Mycoplasma
A00001101n1,g__Mycoplasma
A00000989,g__Anaplasma
A00001109,g__Rhodobacter
A00001296,f__Flavobacteriaceae
A00001297,f__Flavobacteriaceae
A00001295,g__Nitrospira
A00001291,f__Deferribacteraceae
A00001298,g__Peptoclostridium
A00001299,g__Deinococcus
A00002925,g__Streptococcus
A00001047,f__Promicromonosporaceae
A00002927,g__Frankia
A00002921,g__Yersinia
A00002923,g__Pseudomonas
A00002922,g__Streptococcus
A00001564,f__Micromonosporaceae
A00001565,g__Vibrio
A00001566,g__Weissella
A00004263,g__Oligella
A00001560,g__Treponema
A00001561,g__Treponema
A00001563,g__Treponema
A00004268,g__Rahnella
A00004269,g__Lachnoclostridium
A00000213,g__Psychrobacter
A00000212,g__Psychrobacter
A00000215,g__Cupriavidus
A00000214,g__Cupriavidus
A00000217,g__Rhodococcus
A00000216,g__Ralstonia
A00002036n0,g__Bacillus
A00002036n1,g__Bacillus
A00002035,f__Cyclobacteriaceae
A00001039,g__Sulfurospirillum
A00001748,f__Desulfohalobiaceae
A00001749,g__Bacteroides
A00002031,g__Sphingomonas
A00002030,g__Streptomyces
A00001744,g__Sphingobacterium
A00001745,g__Flexispira
A00001746,g__Porphyromonas
A00001031,f__Leptotrichaceae
A00001036,g__Streptococcus
A00001741,g__Bacteroides
A00001742,g__Capnocytophaga
A00002038,g__Corynebacterium
A00001580,g__Chlamydophila
A00001587,g__Corynebacterium
A00002723,g__Eubacterium
A00002532,g__Enterobacter
A00000124,f__Rhodobacteraceae
A00002726,g__Streptomyces
A00000123,g__Idiomarina
A00002728,c__Actinobacteria
A00000122,f__Hyphomonadaceae
A00003452,f__[Balneolaceae]
A00002458,f__[Balneolaceae]
A00002109n0,g__Dorea
A00002109n1,g__Dorea
A00002108,g__Rhizobium
A00003456,g__Sulfitobacter
A00003455,g__Paracoccus
A00003988,g__Streptomyces
A00002102,g__Bacillus
A00002453,g__Rickettsia
A00002452,f__Neisseriaceae
A00002107,f__Rhodobacteraceae
A00002104,g__Thermaerobacter
A00001634,g__Shewanella
A00002535,f__Chitinophagaceae
A00003855,g__Listeria
A00003852,f__Peptostreptococcaceae
A00003853,f__Saprospiraceae
A00003851,g__Bacillus
A00002586,g__Legionella
A00002857,g__Niastella
A00002583,g__Mycobacterium
A00003529,g__Alistipes
A00003524,g__Psychromonas
A00003525,g__Geobacillus
A00002859,g__Arthrospira
A00003523,g__Eubacterium
A00002589,g__Lactobacillus
A00003676,g__Parasutterella
A00003675,f__Rhodobacteraceae
A00003672,g__Leptonema
A00003673,g__Shewanella
A00003678,g__Spirochaeta
A00002218,g__Congregibacter
A00002217,g__Ancylobacter
A00002216,g__Lactobacillus
A00002215,g__Lactobacillus
A00002213,g__Echinicola
A00002211,g__Streptococcus
A00004245,g__Actinomyces
A00003295,o__Propionibacteriales
A00003296,g__Abiotrophia
A00003297,g__Leuconostoc
A00003290,f__[Halobacillaceae]
A00003291,g__Streptomyces
A00003078,g__Streptococcus
A00003075,g__Rhizobium
A00003076,g__Treponema
A00003077,o__Solirubrobacterales
A00003070,g__Segniliparus
A00003278,g__Streptococcus
A00003279,f__Bradyrhizobiaceae
A00003272,g__Neisseria
A00003271,g__Blattabacterium
A00003276,p__Synergistetes
A00003277,p__Synergistetes
A00003274,g__Rhodococcus
A00003182,g__Propionibacterium
A00003183,g__Candidatus_Pelagibacter
A00003185,g__Slackia
A00003186,f__Beijerinckiaceae
A00003187,g__Leuconostoc
A00004321,g__Erysipelatoclostridium
A00004320,o__Flavobacteriales
A00003932,g__Helicobacter
A00004323,g__Shewanella
A00004238,g__Granulicella
A00000778,g__Borrelia
A00000777,g__Borrelia
A00000774,g__Bifidobacterium
A00004237,g__Microvirga
A00001919,g__Pyrobaculum
A00001915,g__Ktedonobacter
A00001914,g__Caldilinea
A00001911,o__Cenarchaeales
A00001910,p__Caldiserica
A00001913,g__Oceaniovalibus
A00001912,p__[Caldithrixae]
A00000174,f__Halobacteriaceae
A00000175,g__Neisseria
A00000171,g__Mycoplasma
A00000172n0,g__Mycoplasma
A00000172n1,g__Mycoplasma
A00001235,g__Pantoea
A00000178,g__Neorickettsia
A00001236,c__Alphaproteobacteria
A00000372,g__Bacillus
A00000370,g__Agrobacterium
A00000374n0,g__Corynebacterium
A00000374n1,g__Corynebacterium
A00001339,g__Neisseria
A00000379,g__Rhodopseudomonas
A00001231n0,g__Mycoplasma
A00001231n1,g__Mycoplasma
A00001357,g__Rothia
A00001356,g__Riemerella
A00000198,f__Synechococcaceae
A00001354,f__Hyphomicrobiaceae
A00001353,g__Rhodococcus
A00001896,g__Dysgonomonas
A00001351,g__Pseudoxanthomonas
A00000192,g__Photobacterium
A00000193,g__Photorhabdus
A00000190,g__Pelobacter
A00000191,g__Chlorobium
A00004189,g__Olivibacter
A00000197,f__Synechococcaceae
A00000194,g__Polaromonas
A00001358,g__Ruminococcuse1
A00001335,g__Mycoplasma
A00000540,g__Bacteroides
A00004462,g__Brevundimonas
A00001821,g__Prevotella
A00001820,g__Prevotella
A00001823,g__Prevotella
A00001824,g__Anabaena_Nostoc
A00000516,g__Rhizobium
A00000514,g__Pyrobaculum
A00004072,g__Megasphaera
A00000512,g__Pseudomonas
A00000513,g__Psychrobacter
A00004078,f__Methylococcaceae
A00000518,g__Roseiflexus
A00000519,g__Salinispora
A00000992,f__[Salsuginibacillaceae]
A00000990,g__Archaeoglobus
A00000991,g__Azospirillum
A00000996,g__Citrobacter
A00000994,g__Bifidobacterium
A00000999,o__Solirubrobacterales
A00004428,g__Deinococcus
A00002763,g__Mesorhizobium
A00002689,g__Ruminococcus
A00002938,g__Corynebacterium
A00002936,g__Acinetobacter
A00002934,g__Pseudoalteromonas
A00002930,g__Bradyrhizobium
A00002931,f__Rhodobacteraceae
A00000209,g__Pseudomonas
A00004210,g__Desulfitobacterium
A00004212,f__Micrococcaceae
A00000202,f__Alteromonadaceae
A00000203,g__Pseudoalteromonas
A00000200,f__Synechococcaceae
A00000206,g__Pseudomonas
A00004218,g__Methylophaga
A00000205,g__Pseudomonas
A00001003,g__Edwardsiella
A00001000,g__Cronobacter
A00002768,g__Salmonella
A00002734,g__Klebsiella
A00004459,g__Acinetobacter
A00004458,g__Cardiobacterium
A00002731,g__Faecalibacterium
A00001133,o__Chlamydiales
A00001132,f__Gordoniaceae
A00001131,f__Deinococcaceae
A00001130,g__Thiomonas
A00004325,g__Tannerella
A00001136,f__Flavobacteriaceae
A00004327,g__Candidatus_Pelagibacter
A00001134,g__Xenorhabdus
A00003464,g__Photobacterium
A00002118,g__Prevotella
A00003460,g__Carnobacterium
A00002114,g__Sinorhizobium_Ensifer
A00002443,f__Cyclobacteriaceae
A00002116,g__Actinomyces_1
A00002117,g__Staphylococcus
A00002110,g__Staphylococcus
A00002447,g__Sutterella
A00002112,f__Halobacteroidaceae
A00002445,g__Xanthomonas
A00001645,g__Thiomonas
A00001646,g__Vibrio
A00001641,g__Streptococcus
A00001643,g__Streptococcus
A00001648,o__Pirellulales
A00002598,g__Weissella
A00002599,g__Gordonia
A00003861,g__Peptostreptococcus
A00003860n0,g__Thioalkalivibrio
A00003860n1,g__Thioalkalivibrio
A00003865,g__Oribacterium
A00003864,g__Escherichia
A00002590,g__Vibrio
A00002591,g__Rubrivivax
A00003869,g__Streptococcus
A00002596,g__Sinorhizobium_Ensifer
A00002597,g__Salinispora
A00002846,g__Streptomyces
A00002847,g__Gemella
A00003511,g__Psychrobacter
A00002845,g__Rhizobium
A00002842,g__Weissella
A00002840,f__Comamonadaceae
A00003514,g__Veillonella
A00002020,g__Caldicellulosiruptor
A00002021,g__Enterococcus
A00002022,g__Burkholderia
A00002023,g__Serratia
A00002025,g__Bradyrhizobium
A00002026,f__Rhodobacteraceae
A00002849,g__Corynebacterium
A00003888,g__Blautia
A00003881,f__Flavobacteriaceae
A00003883,f__Methylococcaceae
A00002200,g__Lactobacillus
A00002208,g__Streptococcus
A00002209,g__Spirosoma
A00003083,f__Halobacteroidaceae
A00003082,g__Micromonospora
A00003084,f__Erysipelotrichaceae
A00003089,f__Rhodothermaceae
A00003088,c__Anaerolineae
A00003248,f__Lachnospiraceae
A00003247,g__Klebsiella
A00003246,g__Acetobacter
A00003245,g__Thioalkalimicrobium
A00003242,g__Streptococcus
A00003241,f__[Acetivibrionaceae]
A00002961,g__Buchnera
A00001859,o__Desulfobacterales
A00003649,g__Tetragenococcus
A00002962,g__Actinomyces
A00003643,g__Corynebacterium
A00003641,f__Rhodobacteraceae
A00003640,g__Neisseria
A00003646,f__Alteromonadaceae
A00003644,g__Thermus
A00002968,g__Desulfovibrio
A00004305,g__Flavobacterium
A00000173,g__Myxococcus
A00004503,f__Nostocaceae
A00000179,g__Nitrobacter
A00000747,g__Staphylococcus
A00000748,g__Stenotrophomonas
A00003112,f__Microbacteriaceae
A00002469,f__Lactobacillaceae
A00001908,f__Phycisphaeraceae
A00001906,g__Leptospirillum
A00001907,g__Ignavibacterium
A00001904,g__Prevotella
A00001905,g__Prevotella
A00001902,g__Prevotella
A00001903,g__Prevotella
A00001900,g__Paraprevotella
A00001901,g__Pantoea
A00002789,f__Micromonosporaceae
A00000695,g__Borrelia
A00000694,g__Bifidobacterium
A00000697,g__Brucella
A00000696,g__Borrelia
A00000691,g__Akkermansia
A00000342,p__Euryarchaeota
A00000693,g__Anaeromyxobacter
A00000692,g__Alteromonas
A00000699,g__Burkholderia
A00000698,g__Burkholderia
A00000349,g__Pyrococcus
A00000348,g__Pyrobaculum
A00004196,f__Marinilabiaceae
A00004197,g__Amycolatopsis
A00004195,g__Collinsella
A00004192,f__Holophagaceae
A00004193,g__Acetobacterium
A00004190,p__Synergistetes
A00004187,g__Rhodobacter
A00004198,g__Brevibacterium
A00004199,g__Lachnoclostridium
A00000199,f__Synechococcaceae
A00004181,g__Corynebacterium
A00002630,g__Lactobacillus
A00001830,g__Sulfurimonas
A00001831,f__Synechococcaceae
A00001837,g__Thermotoga
A00000523,f__Sphingomonadaceae
A00000522,g__Escherichia
A00001838,c__Oxyphotobacteria
A00000520,g__Shewanella
A00000527,f__Synechococcaceae
A00000525,g__Streptococcus
A00004062,g__Bradyrhizobium
A00004063,o__Rhizobiales
A00004066,g__Roseburia
A00002699,f__[Acetivibrionaceae]
A00004188,g__Paenibacillus
A00002698,g__Bradyrhizobium
A00002907,g__Acidithiobacillus
A00001348,g__Propionibacterium
A00001349,g__Pseudoalteromonas
A00004204,g__Gordonia
A00004203,g__Megasphaera
A00000239,g__Shewanella
A00000238,g__Shewanella
A00001340,o__Campylobacterales
A00001341,f__Thermaceae
A00001342,g__Odoribacter
A00001344,g__Paludibacter
A00001345,g__Pantoea
A00001346,f__Sphingobacteriaceae
A00001347,g__Planctomyces
A00001011,f__Geodermatophilaceae
A00001012,g__Gordonia
A00001013,o__Myxococcales
A00001014,f__Halobacteriaceae
A00001015,f__Halothiobacillaceae
A00001016,g__Hydrogenobacter
A00001017,g__Klebsiella
A00001018,g__Kribbella
A00002691,g__Desulfotomaculum
A00002690,g__Acinetobacter
A00002696,f__Xanthomonadaceae
A00002694,g__Pseudomonas
A00000839,g__Ectothiorhodospira
A00000838,g__Thermotoga
A00000831,g__Streptococcus
A00000830,g__Shewanella
A00000833,g__Streptococcus
A00000835,g__Thermodesulfovibrio
A00000834,g__Thermococcus
A00000837,g__Thermosipho
A00000836,c__Thermomicrobia
A00004338,g__Neisseria
A00001128,g__Desulfurococcus
A00004449,g__Thiothrix
A00001124,g__Thermoanaerobacter
A00001125,g__Thermoanaerobacter
A00001126,f__Streptosporangiaceae
A00001127,g__Thermocrinis
A00001120,g__Streptococcus
A00001121,g__Streptomyces
A00001122,f__Syntrophomonadaceae
A00001123,f__Peptococcaceae
A00004178,g__Kribbella
A00004179,g__Streptomyces
A00002477,g__Desulfosporosinus
A00002475,g__Meiothermus
A00002472,g__Lachnoclostridium
A00002470,g__Selenomonas
A00001656,f__Flavobacteriaceae
A00001657,g__Chlorobium
A00001658,g__Crocosphaera
A00001659,g__Desulfuromonas
A00003874,g__Coprococcus
A00003875,g__Prevotella
A00003873,f__Rhodobacteraceae
A00002873,f__Promicromonosporaceae
A00002872,f__Methylophilaceae
A00002871,g__Ectothiorhodospira
A00003878,g__Saccharomonospora
A00003879,g__Dialister
A00003505,g__Legionella
A00003507,f__Methylococcaceae
A00002059,g__Lactobacillus
A00002058,g__Chloroflexus
A00003502,g__Desulfovibrio
A00003503,f__Rikenellaceae
A00002055,f__Comamonadaceae
A00002054,g__Gluconacetobacter
A00002057,g__Neisseria
A00002056,f__Neisseriaceae
A00003898,g__Mycobacterium
A00003589,g__Candidatus_Pelagibacter
A00003704,g__Terriglobus
A00003895,k__Bacteria
A00002275,g__Streptococcus
A00002274,g__Lysinibacillus
A00002277,g__Desulfosarcina
A00002276,g__Actinobacillus
A00002279,g__Pseudomonas
A00003700,g__Staphylococcus
A00001984,f__Rhodocyclaceae
A00000102,g__Frankia
A00001982,f__Cenarchaeaceae
A00003476,g__Brachyspira
A00003477,g__Novosphingobium
A00003091,g__Megasphaera
A00003096,f__Rhodobacteraceae
A00000459,g__Methanococcus
A00003094,o__Burkholderiales
A00003095,g__Amycolatopsis
A00000458,g__Lactococcus
A00000457,f__Sulfolobaceae
A00003252,g__Candidatus_Sulcia
A00003254,f__Nocardioidaceae
A00003256,g__Rickettsia
A00000456,g__Herminiimonas
A00002301,g__Succinatimonas
A00002300,f__Veillonellaceae
A00002302,g__Rhodanobacter
A00002305,g__Selenomonas
A00002306,f__Pseudoalteromonadaceae
A00003655,f__Chromatiaceae
A00001989,g__Asticcacaulis
A00003651,f__Chromatiaceae
A00003653,g__Photobacterium
A00000859,g__Corynebacterium
A00000851,g__Brachyspira
A00000755,g__Wolbachia
A00003453n0,g__Magnetospirillum
A00003453n1,g__Magnetospirillum
A00000752,g__Sulfurihydrogenibium
A00004507,c__Oxyphotobacteria
A00000759,f__[Endomicrobiaceae]
A00001933,f__Halobacteriaceae
A00001932,f__Sulfolobaceae
A00001931,f__Halobacteriaceae
A00001937,f__Halobacteriaceae
A00001936,f__Thermoplasmataceae
A00001935,f__Halobacteriaceae
A00001934,f__Thermococcaceae
A00001939,f__Thermococcaceae
A00001938,o__Cenarchaeales
A00003812,g__Roseovarius
A00000350,g__Pyrococcus
A00000351,g__Pyrococcus
A00000352,g__Sulfolobus
A00000354,g__Sulfolobus
A00000355,g__Thermococcus
A00000356,g__Thermoplasma
A00000357,g__Thermoplasma
A00003367,f__Thermoanaerobacteraceaee1
A00000682,g__Pyrobaculum
A00000680,g__Thermoanaerobacter
A00003817,g__Frankia
A00004164,g__Leuconostoc
A00001805,g__Fusobacterium
A00000539n0,g__Bacillus
A00000539n1,g__Bacillus
A00000534,g__Alkaliphilus
A00000532,g__Methanocella
A00000533,f__Pasteurellaceae
A00004354,g__Desulfovibrio
A00004054,g__Staphylococcus
A00004163,g__Sulfobacillus
A00004058,g__Actinomyces_1
A00001240,f__Xanthobacteraceae
A00001244,g__Sulfurimonas
A00001248,g__Vulcanisaeta
A00004351,f__Lachnospiraceae
A00002915,f__Beijerinckiaceae
A00004239,g__Peptoniphilus
A00002917,f__Veillonellaceae
A00002912,g__Micrococcus
A00002918,g__Lactobacillus
A00004235,g__Bacteroides
A00004234,g__Paenibacillus
A00000224,g__Rhodospirillum
A00000227,g__Rickettsia
A00000228,g__Rickettsia
A00000229,g__Rickettsia
A00001337n0,g__Ureaplasma
A00001337n1,g__Ureaplasma
A00001331,f__Methanobacteriaceae
A00001330,g__Mesorhizobium
A00001333,g__Micromonospora
A00001065,g__Candidatus_Puniceispirillum
A00001796,g__Flexispira
A00001795,f__Helicobacteraceae
A00001794,g__Fusobacterium
A00002688,g__Peptoniphilus
A00001060,f__Alicyclobacillaceae
A00001063,g__Brachyspira
A00002684,g__Finegoldia
A00001069,g__Cellulomonas
A00001068,g__Caulobacter
A00002682,g__Methyloversatilis
A00003634,f__Sphingomonadaceae
A00000822,g__Mycobacterium
A00000823,g__Pseudomonas
A00000820,g__Methylobacterium
A00000821,g__Methylocella
A00000826,f__Rhodospirillales
A00000654,g__Francisella
A00004219,g__Peptoclostridium
A00001483,g__Chlamydophila
A00001481,g__Carnobacterium
A00001480,g__Capnocytophaga
A00001487,f__Lachnospiraceae
A00004308,g__Mycobacterium
A00004307,g__Vibrio
A00004306,g__Peptoclostridium
A00001489,f__Oxalobacteraceae
A00001488,f__Lachnospiraceae
A00004302,o__Rhizobiales
A00004300,g__Spirochaeta
A00002461,g__Gemella
A00001669,g__Polaribacter
A00002463,f__Alteromonadaceae
A00002464,g__Roseovarius
A00002465,g__Marinomonas
A00002466,g__Desulfosporosinus
A00002467,g__Maritimibacter
A00001662,f__Flavobacteriaceae
A00001665,g__Psychroflexus
A00001664,g__Polaribacter
A00001468,g__Agrobacterium
A00001461,g__Marinobacter
A00001463,g__Acidiphilium
A00001462,g__Sulfolobus
A00001464,g__Acidithiobacillus
A00001467,g__Aeromonas
A00001466,g__Aerococcus
A00002869,g__Citrobacter
A00002864,g__Deinococcus
A00003229,g__Gluconacetobacter
A00002861n0,g__Alteromonas
A00002861n1,g__Alteromonas
A00003228,g__Blattabacterium
A00002048,f__Lachnospiraceae
A00002049,o__Synechococcales
A00002045,g__Amycolatopsis
A00002042,g__Streptomyces
A00003311n0,g__Glaciecola
A00003311n1,g__Glaciecola
A00003313,g__Prevotella
A00002814,f__Methylococcaceae
A00003315,g__Ectothiorhodospira
A00003314,g__Halomonas
A00003318,f__Myxococcaceae
A00002267,g__Faecalibacterium
A00002262,g__Rubrivivax
A00002269,g__Leptotrichia
A00003755,g__Desulfotomaculum
A00003799,g__Arcanobacterium
A00003794,g__Serratia
A00003797,g__Desulfotomaculum
A00003796,p__Thermodesulfobacteria
A00003790,f__Cytophagaceae
A00003793,g__Helicobacter
A00003792,g__Frankia
A00003409,g__Providencia
A00003405,g__Cupriavidus
A00003404,g__Streptomyces
A00003407,g__Gemella
A00003400,g__Nitratireductor
A00003403,g__Lactobacillus
A00001431n0,g__Mycoplasma
A00001431n1,g__Mycoplasma
A00003224,f__Isosphaeraceae
A00003226,o__Oceanospirillales
A00003222,g__Pseudomonas
A00002313,g__Leisingera
A00002310,g__Burkholderia
A00002316,g__Candidatus_Pelagibacter
A00002317,g__Vibrio
A00001439,g__Ruminococcuse1
A00003138,g__Anaerotruncus
A00003130,f__Aerococcaceae
A00003132,g__Peptoniphilus
A00003134,g__Citromicrobium
A00004312,f__Rhodobacteraceae
A00004133,g__Oribacterium
A00004329,g__Acetobacter
A00003230,g__Methylocystis
A00001924,g__Sulfolobus
A00001925,f__Halobacteriaceae
A00001926,f__Cenarchaeaceae
A00001927,f__Halobacteriaceae
A00001920,f__Halobacteriaceae
A00001921,f__Methanomicrobiaceae
A00001922,f__Halobacteriaceae
A00001923,f__Halobacteriaceae
A00001973,f__Methanomicrobiaceae
A00001928,f__Halobacteriaceae
A00001929,f__Halobacteriaceae
A00004322,g__Selenomonas
A00000327,g__Xylella
A00000326,g__Xanthomonas
A00000321,g__Xanthomonas
A00000320,f__Helicobacteraceae
A00000322,g__Xanthomonas
A00004455,g__Streptomyces
A00000406,f__Ectothiorhodospiraceae
A00001818,g__Mycoplasma
A00001819,o__Chlamydiales
A00001979,f__Halobacteriaceae
A00001810,g__Bacteroides
A00002561,f__Marinilabiaceae
A00001813,g__Anabaena_Nostoc
A00001815,s__nucleatum
A00001816,g__Hydrogenobaculum
A00001817,s__goodfellowii
A00004040,g__Streptomyces
A00004044,g__Prevotella
A00004045,g__Cellulomonas
A00002442,g__Candidatus_Portiera
A00000032,g__Bradyrhizobium
A00000789,p__[Coprothermobacteria]
A00000787,f__[Acetivibrionaceae]
A00000786,g__Chloroflexus
A00000784,f__Methanomicrobiaceae
A00000783,f__Porphyromonadaceae
A00001250,g__Corynebacterium
A00002441,g__Rhodospirillum
A00001255,g__Geobacter
A00002446,g__Granulicatella
A00001259,g__Lactobacillus
A00003468,g__Synechococcus
A00004228,g__Sinorhizobium_Ensifer
A00004229,f__Chromatiaceae
A00004224,f__Neisseriaceae
A00004225,g__Methylomonas
A00000251,f__Sphingomonadaceae
A00000250,f__Enterobacteriaceae
A00001328,g__Leuconostoc
A00001329,o__Cytophagales
A00001327,f__Cytophagaceae
A00001324,f__Rhodobacteraceae
A00001322,f__Intrasporangiaceae
A00001323,f__Isosphaeraceae
A00001321,f__Fusobacteriaceae
A00001076,g__Desulfurivibrio
A00002673,f__Thermoactinomycetaceae
A00001075,o__Deferribacterales
A00001072,f__Puniceicoccaceae
A00001073,f__Deferribacteraceae
A00001070,f__[Acetivibrionaceae]
A00001071,g__Comamonas
A00002678,g__Enterococcus
A00004314,g__Providencia
A00001079,g__Erwinia
A00000819,g__Methylobacterium
A00000818,f__Staphylococcaceae
A00000816,g__Klebsiella
A00000813,f__Halanaerobiaceae
A00000812,g__Haemophilus
A00000810,g__Geobacter
A00001494,g__Desulfotomaculum
A00001495,f__Coriobacteriaceae
A00001496,g__Klebsiella
A00001497,g__Erysipelothrix
A00001490,g__Corynebacterium
A00001492,g__Cupriavidus
A00004318,g__Vibrio
A00004319,g__Lactobacillus
A00001498,g__Francisella
A00001499,g__Gallibacterium
A00002415,g__Thermus
A00002414,f__Rhodobacteraceae
A00002417,g__Buchnera
A00002416,g__Blautia
A00002411,g__Arthrobacter
A00002410,g__Lactobacillus
A00002412,g__Veillonella
A00001675,f__Phormdiaceae
A00001676,g__Anabaena_Nostoc
A00001677,f__Cytophagaceae
A00001670,g__Desulfurivibrio
A00001671,g__Stigmatella
A00001672,g__Mariprofundus
A00002787,g__Mesorhizobium
A00002782,g__Coprococcus
A00001472,g__Blattabacterium
A00001473,g__Buchnera
A00001470,o__Corynebacteriales
A00001471,g__Bacillus
A00001476,o__Rickettsiales
A00001474,g__Burkholderia
A00001475,g__Burkholderia
A00002890,g__Enterobacter
A00002893,g__Anaerococcus
A00002892,f__Dermatophilaceae
A00002895,g__Nocardia
A00002896,f__Deferribacteraceae
A00002898,g__Cytophaga
A00002073,g__Methylomonas
A00002070,g__Atopobium
A00002077,g__Bacillus
A00002074,g__Streptococcus
A00001782,g__Treponema
A00004418,g__Pseudoalteromonas
A00002528,f__Enterobacteriaceae
A00002259,f__Ruminococcaceae
A00003307,g__Saccharomonospora
A00003304,g__Mannheimia
A00003305,f__[Barnesiellaceae]
A00002252,g__Methylobacterium
A00003308,g__Peptoniphilus
A00002522,f__Pseudanabaenaceae
A00002257,g__Alcaligenes_Achromobacter
A00002524,f__Intrasporangiaceae
A00002254,g__Sphingobium
A00002092,g__Marinobacter
A00002095,f__Aerococcaceae
A00003786,p__Synergistetes
A00003784,g__Flavobacterium
A00003785,f__[Tissierellaceae]
A00003782,g__Thiobacillus
A00003783,g__Corynebacterium
A00003780,g__Neisseria
A00003781,f__Thermotogaceae
A00003510,g__Rubrobacter
A00003416,g__Anaerococcus
A00003517,g__Treponema
A00003415,f__Xanthomonadaceae
A00003413,g__Mycoplasma
A00003410,g__Providencia
A00003515,f__Aerococcaceae
A00003237,g__Peptoniphilus
A00003234,g__Vibrio
A00002329n0,g__Mycoplasma
A00002329n1,g__Mycoplasma
A00002327,g__Marinomonas
A00002326,f__Cryomorphaceae
A00002325,g__Clostridium
A00002324,g__Selenomonas
A00003238,g__Acidaminococcus
A00003239,f__Enterobacteriaceae
A00002848,c__Gammaproteobacteria
A00002560,g__Actinomyces
A00000607,g__Deinococcus
A00003123,g__Candidatus_Pelagibacter
A00003120,g__Actinomyces_1
A00003121,f__Vibrionaceae
A00003127,f__Pseudanabaenaceae
A00003125,g__Prevotella
A00004152,g__Clostridium
A00001305,g__Desulfurococcus
C00000185,p__Nanoarchaeota
C00000184,p__Nanoarchaeota
A00004156,g__Vibrio
A00004159,g__Pedosphaera
A00001308,f__Ruminococcaceae
A00001309,f__Eubacteriaceae
A00004475,g__Thioalkalivibrio
A00004477,f__Chromatiaceae
A00004476n0,g__Mycoplasma
A00004476n1,g__Mycoplasma
A00001111,o__[Cellulomonadales]
A00004171,g__Bacteroides
A00000338,f__Halobacteriaceae
A00000339,f__Halobacteriaceae
A00000336,f__Sulfolobaceae
A00000337,g__Archaeoglobus
A00000335,g__Zymomonas
A00001119,g__Streptococcus
A00001118,g__Desulfurococcus
A00001869,g__Bacteroides
A00001868,g__Arcobacter
A00001865,o__Bacteroidales
A00001867,g__Prevotella
A00001866,g__Desulfovibrio
A00004038,g__Lachnoclostridium
A00004030,o__Pirellulales
A00004033,g__Thiothrix
A00004032,g__Atopobium
A00000022,g__Bacteroides
A00000023,g__Bartonella
A00000792,o__Chroococcales
A00000793,f__Acaryochloridaceae
A00000026,g__Bdellovibrio
A00000795,g__Desulfatibacillum
A00000024,g__Bartonella
A00000025,f__Enterobacteriaceae
A00000798,g__Desulfovibrio
A00000799,g__Desulfurococcus
A00000028,f__Alcaligenaceae
A00000029,f__Alcaligenaceae
A00001263,g__Ureaplasma
A00001260,g__Lactobacillus
A00004510,g__Anabaena_Nostoc
A00001268,g__Alcaligenes_Achromobacter
A00004511,f__Synechococcaceae
A00000247,f__Rhodobacteraceae
A00001311,g__Gardnerella
A00004142,g__Glaciecola
A00001317,g__Halanaerobium
A00000240,g__Shewanella
A00004146,g__Brevibacterium
A00004149,g__Corynebacterium
A00001319,g__Helicobacter
A00001318,f__Halobacteriaceae
A00000248,f__Rhodobacteraceae
A00000249,g__Sinorhizobium_Ensifer
A00002662,c__Actinobacteria
A00002660,g__Lachnoclostridium
A00002661,g__Neisseria
A00002666,g__Thermoanaerobacterium
A00002664,f__Xanthomonadaceae
A00002668,g__Corynebacterium
A00002669,g__Niabella
A00000800,f__Comamonadaceae
A00000801,p__Dictyoglomi
A00000802,p__Dictyoglomi
A00000803,g__Escherichia
A00004365,o__Rhizobiales
A00004496,f__Spirolinaceae
A00004495,f__Nostocaceae
A00004366,f__Rhodobacteraceae
A00004493,o__Chroococcales
A00004492,f__Phormdiaceae
A00004491,f__Phormdiaceae
A00004362,f__Neisseriaceae
A00004369,g__Bacteroides
A00004368,g__Streptococcus
A00004499,g__Thermosynechococcus
A00004498,f__Xenococcaceae
A00002406,g__Thiobacillus
A00001683,g__Bacteroides
A00002405,g__Melioribacter
A00001685,g__Planctomyces
A00001684,o__Myxococcales
A00001687,f__Flavobacteriaceae
A00001686,f__Sphingobacteriaceae
A00001689,c__Lentiphaeria
A00001688,f__Nautiliaceae
A00002408,g__Oribacterium
A00002794,g__Bifidobacterium
A00002795,g__Saccharomonospora
A00002790,g__Fusobacterium
A00002791,g__Gluconobacter
A00001445,g__Streptococcus
A00001444,g__Staphylococcus
A00001443,g__Spirochaeta
A00002798,g__Spirochaeta
A00001440,g__Ruminococcus
A00002882,c__Gammaproteobacteria
A00002880,g__Paenibacillus
A00002881,g__Alicyclobacillus
A00002886,g__Roseburia
A00002884,g__Beggiatoa
A00002885,g__Actinopolyspora
A00002064,g__Enterococcus
A00002066,g__Massilia
A00002067,g__Aerococcus
A00000039,g__Burkholderia
A00001043,g__Thermotoga
A00001042,f__Thermomonosporaceae
A00001041,p__Chloroflexi
A00001040,p__Synergistetes
A00002068,g__Selenomonas
A00001046,f__Xanthomonadaceae
A00001044,g__Veillonella
A00003336,g__Methyloversatilis
A00002539,g__Providencia
A00003333,g__Methylophaga
A00002249,o__Victivallales
A00000733,g__Chlorobium
A00002244,s__periodonticum
A00002533,g__Brucella
A00002531,g__Pseudomonas
A00002240,g__Haemophilus
A00002241,g__Corynebacterium
A00002534,g__Streptococcus
A00002243,f__Methylococcaceae
A00002089,g__Anaerococcus
A00002082,g__Maritimibacter
A00002083,g__Treponema
A00002080,g__Methylosinus
A00002081,g__Methylophilus
A00002087,f__[Odoribacteraceae]
A00002084,g__Lactobacillus
A00000737,g__Providencia
A00003933,g__Lachnoclostridium
A00003420,g__Streptococcus
A00003934,g__Parvimonas
A00003425,f__Erysipelotrichaceae
A00003939,f__Pseudonocardiaceae
A00003938,g__Streptomyces
A00003759,f__Desulfurellaceae
A00004509,g__Anabaena_Nostoc
A00003209,g__Parvimonas
A00003208,g__Acinetobacter
A00004508,f__Xenococcaceae
A00003753,g__Oligella
A00003752,g__Pseudoxanthomonas
A00003207,g__Saccharomonospora
A00003206,g__Burkholderia
A00003756,f__Rhodobacteraceae
A00002330,g__Porphyromonas
A00002334,g__Acinetobacter
A00002339,g__Syntrophorhabdus
A00004501,g__Pseudanabaena
A00003685n0,g__Wolbachia
A00003685n1,g__Wolbachia
A00001020,g__Listeria
A00003169,g__Lactobacillus
A00001751,f__Helicobacteraceae
A00000731,g__Anabaena_Nostoc
A00001750,g__Prevotella
A00004505,g__Calothrix
A00004504,g__Cyanobacterium
A00001027,o__Pirellulales
A00003119,g__Streptococcus
A00003117,g__Yersinia
A00003116,g__Agrobacterium
A00003115,g__Pseudovibrio
A00001026,g__Pectobacterium
A00000736,g__Prosthecochloris
A00003110,g__Bradyrhizobium
A00000908,g__Candidatus_Accumulibacter
A00001458,f__Lachnospiraceae
A00003648,g__[Erysipelatoeubacterium]
A00000493,g__Enterobacter
A00000492,f__Cardiobacteriaceae
A00000491,g__Dehalococcoides
A00000497,g__Lactobacillus
A00000494,g__Geobacter
A00000499,g__Sulfolobus
A00000303,g__Thiobacillus
A00000301,g__Thermus
A00000652,g__Exiguobacterium
A00000306,g__Treponema
A00000305,g__Sulfurimonas
A00000304,g__Thiomicrospira
A00000658,f__Peptococcaceae
A00000309,f__Microbacteriaceae
A00000308,f__Phormdiaceae
A00003828,g__Mesorhizobium
A00004453,g__Granulicatella
A00001878,f__Chloroflexaceae
A00001879,g__Porphyromonas
A00001877,g__Mucilaginibacter
A00001874,g__Capnocytophaga
A00001875,g__Helicobacter
A00001872,g__Bilophila
A00001873,g__Campylobacter
A00004452,g__Hafnia
A00004028n0,g__Ureaplasma
A00004028n1,g__Ureaplasma
A00004027,g__Dehalobacter
A00004024,g__Marinomonas
A00004021,f__Methylococcaceae
A00000010,f__Rhodocyclaceae
A00000018,f__[Salsuginibacillaceae]
A00001950,g__Thermococcus
A00004121,o__Chromatiales
A00004127,g__Mesorhizobium
A00003258,f__Flavobacteriaceae
A00004500,o__Synechococcales
A00004450,f__Sphingomonadaceae
A00004125,g__Peptoniphilus
A00000270,g__Streptococcus
A00001304,f__Desulfurobacteriaceae
A00000478,g__Yersinia
A00001306,g__Enterobacter
A00001307,g__Erwinia
A00001300,g__Deinococcus
A00001301,g__Desulfobulbus
A00001302,g__Desulfovibrio
A00001303,k__Bacteria
A00000470,g__Rhodobacter
A00003259,g__Enterobacter
A00000472,g__Saccharopolyspora
A00000475,g__Desulfurococcus
A00000474,g__Shewanella
A00000477,g__Streptococcus
A00002653,g__Erysipelatoclostridium
A00002652,g__Leptotrichia
A00002658,g__Burkholderia
A00000874,g__Rhodococcus
A00000877,g__Staphylococcus
A00000871,f__Hydrogenothermaceae
A00000870,f__Nautiliaceae
A00000873,g__Sinorhizobium_Ensifer
A00004502,g__Cyanobacterium
A00000878,g__Streptococcus
A00004488,c__Oxyphotobacteria
A00004489,g__Anabaena_Nostoc
A00004481,g__Ruminococcus
A00004483,f__Pseudanabaenaceae
A00004484,o__Chroococcales
A00004485,f__Nostocaceae
A00004486,o__Chroococcales
A00004487,f__Xenococcaceae
A00001278,g__Bacteroides
A00001279,g__Bacteroides
A00004373,g__[Erysipelatoeubacterium]
A00004370,g__Paracoccus
A00001270,f__Comamonadaceae
A00001271,o__Anaerolineales
A00001272,f__Micrococcaceae
A00001273,g__Asticcacaulis
A00001274,g__Bacillus
A00001275,g__Bacillus
A00001276,f__[Salsuginibacillaceae]
A00001277,g__Bacillus
A00001693n0,f__Aquificaceae
A00001693n1,f__Aquificaceae
A00001691,f__Flavobacteriaceae
A00001696,g__Ureaplasma
A00001694,g__Bacteroides
A00001698,g__Borrelia
A00001451,g__Sulfolobus
A00001453,p__Synergistetes
A00001454,g__Vibrio
A00001455,g__Vulcanisaeta
A00001456,f__[Weeksellaceae]
A00000901,g__Anaerococcus
A00000900,g__Alicyclobacillus
A00000903,g__Bartonella
A00000902,g__Atopobium
A00000906,c__Actinobacteria
A00001058,f__[Salsuginibacillaceae]
A00001054,g__Arcanobacterium
A00001055,g__Arcobacter
A00001056,g__Bacillus
A00001050,f__Thermoplasmataceae
A00001051,f__Chromatiaceae
A00001052,p__Synergistetes
A00001053,g__Anabaena_Nostoc
A00002508,g__Spirochaeta
A00002507,g__Lachnoclostridium
A00002506,g__Neisseria
A00002505,g__Dialister
A00002504,g__Roseburia
A00002502,f__Neisseriaceae
A00004506,g__Anabaena_Nostoc
A00003434,g__Aggregatibacter
A00002439,f__Neisseriaceae
A00003437,f__Rhodobacteraceae
A00003430,o__Bacillales
A00003432,g__Mesorhizobium
A00002432,g__Clostridium
A00002431,g__Streptococcus
A00002436,g__Pseudoflavonifractor
A00002435,g__Desulfosporosinus
A00002434,g__Desulfosporosinus
A00003748,g__Fischerella
A00003749,g__Spirochaeta
A00003218,g__Nocardia
A00003219,g__Congregibacter
A00003214,f__Geodermatophilaceae
A00003740,g__Corynebacterium
A00003210,g__Frankia
A00003747,g__Klebsiella
A00003213,g__Desulfovibrio
A00002345,g__Peptoclostridium
A00002344,g__Bacillus
A00002341,g__Spirosoma
A00002340,g__Candidatus_Pelagibacter
A00002343,f__Aurantimonadaceae
A00002349,f__Rhodobacteraceae
A00003699,o__Thermoanaerobacterales
A00003690,g__Ureaplasma
A00003695,f__Micromonosporaceae
A00003697,g__Amycolatopsis
A00003329,g__Gordonia
A00003320,g__Pseudomonas
A00003321,g__Frankia
A00003323,g__Pantoea
A00003324,f__Rhodobacteraceae
A00003325,g__Lactobacillus
A00003326,f__Veillonellaceae
A00003327,g__Sphingobium
A00003101,g__Mycobacterium
A00003104,g__Sporolactobacillus
A00003106,g__Amycolatopsis
A00003108,f__Streptosporangiaceae
A00003109,g__Pantoea
A00003436,g__Oceanimonas
A00003928,g__Cellulomonas
A00003664,g__Roseovarius
A00000485,g__Brucella
A00000482,g__Acidiphilium
A00000483,g__Bradyrhizobium
A00000488,g__Clavibacter
A00000314,g__Vibrio
A00000315,g__Vibrio
A00000640,f__Peptococcaceae
A00000317,g__Wigglesworthia
A00000647,g__Corynebacterium
A00000313,g__Aliivibrio
A00000648,g__Crocosphaera
A00000319,g__Wolbachia
A00003742,g__Methylophaga
A00001841,g__Prevotella
A00001847,g__Granulicella
A00001846,o__Opitutales
A00001849,g__Campylobacter
A00001848,g__Arthrospira
A00000008,f__Aquificaceae
A00000009,g__Candidatus_Phytoplasma
A00004010,g__Mycobacterium
A00004017,g__Clostridium
A00000001,o__Acidobacteriales
A00000002,g__Acinetobacter
A00000003,g__Alcanivorax
A00000004,f__Ectothiorhodospiraceae
A00000007,g__Anaplasma
A00002671,g__Methylophilus
A00002675,g__Deinococcus
A00001035,f__Leptotrichaceae
A00000264,g__Streptococcus
A00002676,g__Brucella
A00000261,g__Staphylococcus
A00000263,g__Staphylococcus
A00004166,g__Rhizobium
A00001996,g__Actinomyces
A00001991,g__Porphyromonas
A00001990,g__Lachnoclostridium
A00004161,g__Gordonia
A00001992,f__Corynebacteriaceae
A00000462,f__Comamonadaceae
A00000460,o__Methanomicrobiales
A00000461,f__Methanomicrobiaceae
A00001998,f__Cyclobacteriaceae
A00000464,f__Synechococcaceae
A00001511,g__Melissococcus
A00001510,g__Leuconostoc
A00001513,g__Methanothermobacter
A00001512,g__Sulfolobus
A00001515,g__Methanosaeta
A00001517,f__Methanococcaceae
A00001516,g__Methanococcus
A00001519,f__Propionibacteriaceae
A00001518,g__Microbacterium
A00004412,f__Rhodocyclaceae
A00000866,f__Halobacteriaceae
A00000867,f__Neisseriaceae
A00000864,g__Exiguobacterium
A00000865,o__Gemmatimonadales
A00000862,f__Desulfobacteraceae
A00000863,g__Escherichia
A00000860,g__Corynebacterium
A00000861,g__Deinococcus
A00004410,g__Sinorhizobium_Ensifer
A00001199,g__Butyrivibrio
A00004464,f__Rhodobacteraceae
A00004343,g__Promicromonospora
A00004342,g__Pseudomonas
A00001197,g__Brevundimonas
A00001196,g__Brachyspira
A00004347,g__Desulfitobacterium
A00001190,f__Sulfolobaceae
A00001193,g__Amycolatopsis
A00001192,g__Aggregatibacter
A00001209,f__Dehalococcoidaceae
A00001208,o__Chroococcales
A00001205,g__Lachnoclostridium
A00001204,g__Clostridium
A00001207,f__Flavobacteriaceae
A00001201,g__Candidatus_Sulcia
A00001203,g__Clostridium
A00001425,g__Lactobacillus
A00001427,g__Legionella
A00000911,g__Candidatus_Liberibacter
A00001429,g__Megamonas
A00000914,o__Catenulisporales
A00000915,f__Chitinophagaceae
A00002644,f__Thiotrichaceae
A00002646,c__Actinobacteria
A00002647,g__Ruminococcus
A00002510,g__Sutterella
A00002513,f__Lachnospiraceae
A00002517,g__Candidatus_Puniceispirillum
A00002518,g__Enterobacter
A00003597,g__Citrobacter
A00003596,g__Neisseria
A00001738,g__Campylobacter
A00001733,g__Arthrospira
A00001732,g__Bacteroides
A00001735,g__Borrelia
A00001734,g__Parabacteroides
A00001736,g__Bacteroides
A00004124,g__Bacillus
A00003915,g__Flavonifractor
A00002429,g__Prevotella
A00003911,g__Mycobacterium
A00003910,g__Hyphomicrobium
A00002425,g__Lactobacillus
A00002427,o__Clostridiales
A00002420,g__Oxalobacter
A00002422,g__Sphingomonas
A00003918,c__Actinobacteria
A00003777,g__Corynebacterium
A00003775,g__Ruminococcus
A00003773,g__Pseudonocardia
A00002356,g__Lewinella
A00002354,g__Methylotenera
A00002352,g__Corynebacterium
A00002358,f__Cyclobacteriaceae
A00002359,g__Paracoccus
A00002973,g__Collinsella
A00002970,g__Ammonifex
A00003358,g__Spirochaeta
A00003355,g__Clavibacter
A00002600,g__Vibrio
A00003351,g__Sphingomonas
A00002601,f__Aurantimonadaceae
A00004251,g__Amycolatopsis
A00003177,f__Eubacteriaceae
A00003170,f__Ruminococcaceae
A00003173,g__Megasphaera
A00003172,f__Methylophilaceae
A00002978n0,g__Dehalobacter
A00002978n1,g__Dehalobacter
A00002608,g__Staphylococcus
A00002609,g__Collinsella
A00004256,g__Loktanella
A00003554,g__Lachnoclostridium
A00003003,g__Paenibacillus
A00001679,g__Algoriphagus
A00000347,f__Thermoplasmataceae
A00000346,p__Nanoarchaeota
A00000345,g__Methanothermobacter
A00003920,g__Cardiobacterium
A00000344,g__Methanosarcina
A00000343,g__Methanosarcina
A00004345,g__Pseudonocardia
A00000340,g__Methanocaldococcus
A00002418,f__Neisseriaceae
A00000642,g__Caulobacter
A00000675,g__Escherichia
A00000674,g__Shewanella
A00000673,g__Shewanella
A00000672,g__Rickettsia
A00000679,f__Xenococcaceae
A00001854,g__Prevotella
A00001855,g__Prevotella
A00001856,g__Prevotella
A00001857,g__Prevotella
A00000589,g__Thermosipho
A00000588,o__Campylobacterales
A00001852,g__Desulfovibrio
A00001853,f__Phormdiaceae
A00000587,g__Streptococcus
A00001858,g__Mesotoga
A00000580,g__Serratia
A00000583,g__Sinorhizobium_Ensifer
A00000582,g__Shewanella
A00004007,f__Comamonadaceae
A00000079,g__Dehalococcoides
A00000078,g__Dechloromonas
A00004002,g__Burkholderia
A00004003,g__Bifidobacterium
A00000075,g__Corynebacterium
A00000074,g__Corynebacterium
A00000077,g__Cytophaga
A00000071,g__Clostridium
A00004009,g__Chryseobacterium
A00000073,f__Pseudoalteromonadaceae
A00000072,g__Clostridium
A00000291,o__Synechococcales
A00000290,f__Synechococcaceae
A00000293,f__Synechococcaceae
A00000292,o__Synechococcales
A00000295,g__Syntrophomonas
A00000294,g__Synechocystis
A00000297,g__Thermoanaerobacter
A00000296,g__Syntrophus
A00000299,g__Thermosynechococcus
A00000298,f__Nocardiopsaceae
A00004173,g__Pseudomonas
A00004174,g__Rickettsia
A00001986,g__Pseudomonas
A00001987,g__Lactobacillus
A00000103,g__Frankia
A00001985,g__[Erysipelatoeubacterium]
A00000105,g__Geobacillus
A00001983,g__Loktanella
A00001980,g__Desulfurococcus
A00000106,g__Geobacter
A00000109,g__Gluconobacter
A00000108,c__Oxyphotobacteria
A00000455,g__Geobacillus
A00000453,g__Desulfotomaculum
A00000452,f__[Acetivibrionaceae]
A00000451,g__Peptoclostridium
A00000450,g__Burkholderia
A00001502,g__Helicobacter
A00001503,g__Hyphomicrobium
A00001500,g__Geobacillus
A00001501,f__Alteromonadaceae
A00001506,g__Lactobacillus
A00001507,g__Lactobacillus
A00001504,f__Flavobacteriaceae
A00001505,f__Flavobacteriaceae
A00000853,g__Brucella
A00000852,g__Brevibacillus
A00001508,g__Lactobacillus
A00000857,g__Clostridium
A00000855,g__Campylobacter
A00000854,g__Burkholderia
A00001788,g__Ureaplasma
A00004358,g__Streptococcus
A00001188,g__Anabaena_Nostoc
A00001189,f__Halobacteroidaceae
A00002536,g__Streptococcus
A00004355,g__Wolbachia
A00001184,g__Treponema
A00001182,g__Streptomyces
A00001183,g__Sulfolobus
A00004353,g__Xanthobacter
A00001216,f__Halobacteriaceae
A00001217,g__Halomonas
A00001214,f__Flavobacteriaceae
A00001215,f__Gallionellaceae
A00001213,g__Ferrimonas
A00001210,c__Deltaproteobacteria
A00001211,g__Dickeya
A00002741,g__Yersinia
A00002740,g__Methylotenera
A00002742,g__Candidatus_Pelagibacter
A00002745,g__Nocardioides
A00002744,g__Niabella
A00002747,g__Meiothermus
A00002749,g__Burkholderia
A00002748,g__Thermocrispum
A00000529,g__Thermotoga
A00001436,f__Ruminococcaceae
A00001437,g__Ruminococcus
A00001434,g__Roseburia
A00000528,f__Synechococcaceae
A00001433,g__Pseudomonas
A00000928,g__Desulfovibrio
A00000927,g__Desulfovibrio
A00000926,g__Desulfotomaculum
A00000925,o__Desulfovibrionales
A00000924,f__Desulfohalobiaceae
A00000922,g__Cupriavidus
A00000921,f__Coriobacteriaceae
A00000920,g__Corynebacterium
A00003980,f__Rhodobacteraceae
A00002989,g__Alistipes
A00002988,f__Pseudoalteromonadaceae
A00002638,g__Brevundimonas
A00002637,f__[Micavibrionaceae]
A00002636,g__Eubacterium
A00000521,g__Escherichia
A00002297,o__[Nitratiruptorales]
A00002564,g__Paenibacillus
A00002295,g__Lactococcus
A00002566,f__Lachnospiraceae
A00002293,g__Riemerella
A00002292,g__Porphyromonas
A00003584,g__Thermus
A00003580,c__Deltaproteobacteria
A00003300,f__Rhodobacteraceae
A00003582,g__Streptococcus
A00003583,g__Arcobacter
A00001726,g__Bacteroides
A00001724,g__Capnocytophaga
A00001725,g__Desulfovibrio
A00003982n0,g__Clostridium
A00003982n1,g__Clostridium
A00003901,g__Clostridium
A00003904,f__Lachnospiraceae
A00000442,o__Thermoproteales
A00003906,g__Corynebacterium
A00002181,g__Yersinia
A00002180n0,g__Clostridium
A00002180n1,g__Clostridium
A00002187,g__Actinomyces
A00002186,g__Cohnella
A00002188,f__Ruminococcaceae
A00000445,g__Actinobacillus
A00003309,c__Alphaproteobacteria
A00003767,f__[Acetivibrionaceae]
A00002525,g__Saccharomonospora
A00002361,g__Pontibacter
A00002366,g__Desulfonispora
A00002365,g__Azorhizobium
A00002168,g__Vibrio
A00002163,g__Gordonia
A00002162,g__Phascolarctobacterium
A00002165,g__Vibrio
A00002167,g__Beggiatoa
A00002166,g__Saccharomonospora
C00000006,p__Armatimonadetes
A00003348,g__Actinoplanes
A00003347,f__Glycomycetaceae
A00003345,g__Vibrio
A00003343,g__Corynebacterium
A00003166,g__Wigglesworthia
A00003167,g__Mesorhizobium
A00003163,g__Propionibacterium
A00000849,o__[Cellulomonadales]
A00000410,g__Lactobacillus
A00000842,g__Acidobacterium
A00003012,f__Veillonellaceae
A00003013,g__Streptomyces
A00003014,f__Cytophagaceae
A00003015,g__Streptococcus
A00000668,f__Opitutaceae
A00000669,g__Polynucleobacter
A00000660,f__Comamonadaceae
A00000661,g__Leuconostoc
A00000662,g__Lysinibacillus
A00000663,g__Methylobacterium
A00000664,g__Methylobacterium
A00000665,o__Chroococcales
A00000666,g__Mycobacterium
A00000667,g__Mycobacterium
A00003826,f__Glycomycetaceae
A00003822,g__Brevibacillus
A00003820,g__Parasutterella
A00000598,f__Alcaligenaceae
A00000599,g__Brucella
A00000596,g__Bacillus
A00000597,g__Bartonella
A00000594,g__Alkaliphilus
A00000595,g__Azorhizobium
A00000592,g__Yersinia
A00000593,g__Acaryochloris
A00000590,g__Vibrio
A00000591,g__Xanthobacter
A00000068,f__Halomonadaceae
A00000069,g__Clostridium
A00000066,g__Chlorobaculum
A00000067,f__Neisseriaceae
A00000065,g__Chlorobium
A00000060,g__Chlamydophila
A00000061,g__Chlamydophila
A00002805,g__Paenibacillus
A00004299,g__Eubacterium
A00004295,g__Butyrivibrio
A00004297,g__Ureaplasma
A00004292,g__Lactobacillus
A00000283,g__Streptomyces
A00000286,g__Synechococcus
A00000284,g__Streptomyces
A00004104,c__Acidobacteriia
A00000288,f__Synechococcaceae
A00000289,f__Synechococcaceae
A00004100,g__Roseovarius
A00004103,g__Lachnoclostridium
A00000441,g__Syntrophobacter
A00000110,f__Acetobacteraceae
A00000111,g__Actinobacillus
A00000117,g__Helicobacter
A00000114,g__Histophilus
A00000115,g__Hahella
A00000448,g__Burkholderia
A00000118,g__Flexispira
A00001536,g__Pseudomonas
A00001535,g__Pseudomonas
A00001889,g__Bacteroides
A00001531,g__Paenibacillus
A00000643,f__Cenarchaeaceae
A00000844,g__Anaplasma
A00000845,g__Pseudomonas
A00000846,g__Bacillus
A00001224,g__Legionella
A00000841,g__Vibrio
A00001539,g__Pusillimonas
A00000843,g__Caldicellulosiruptor
A00000237,g__Salmonella
A00000641,p__Crenarchaeota
A00000232,f__Rhodothermaceae
A00001222,f__Sulfolobaceae
A00001221,g__Hyphomicrobium
A00001220,g__Herbaspirillum
A00001227,g__Methanothermobacter
A00001226,f__Methanomicrobiaceae
A00001225,f__Methanosarcinaceae
A00001888,g__Bacteroides
A00001887,g__Bacteroides
A00001886,g__Treponema
A00001229,g__Mobiluncus
A00000230,g__Rubrobacter
A00001883,g__Prevotella
A00001882,g__Prevotella
A00001881,g__Prevotella
A00001880,g__Prevotella
